{"acc": 0.7477832759975394, "loss": 0.2337103806428736, "_runtime": 3, "_timestamp": 1675318370, "_step": 7, "_wandb": {"runtime": 3}}